{
    "logistic": {
        "accuracy": 0.25112107623318386,
        "precision": 0.15071283095723015,
        "recall": 0.9932885906040269,
        "f1": 0.26171529619805484,
        "roc_auc": 0.878562396654022,
        "pr_auc": 0.41056379675013405,
        "best_cv_score": 0.9542238564638899
    },
    "random": {
        "accuracy": 0.9417040358744395,
        "precision": 0.7470588235294118,
        "recall": 0.8523489932885906,
        "f1": 0.7962382445141066,
        "roc_auc": 0.9543262884377561,
        "pr_auc": 0.8677639616777268,
        "best_cv_score": 0.92373597761304
    },
    "svm": {
        "accuracy": 0.1336322869955157,
        "precision": 0.1336322869955157,
        "recall": 1.0,
        "f1": 0.23575949367088608,
        "roc_auc": 0.5077639751552795,
        "pr_auc": 0.13557779799818018,
        "best_cv_score": 0.9593883906201797
    }
}
